{
  "experiment": "B4",
  "timestamp": "20251216_174715",
  "config": {
    "model": {
      "hidden_size": 64,
      "num_layers": 2,
      "dropout": 0.1
    },
    "training": {
      "lr": 0.001,
      "batch_size": 256,
      "max_epochs": 100,
      "patience": 10,
      "device": "auto",
      "cudnn_benchmark": true
    },
    "n_clusters": 3
  },
  "expert_results": {
    "0": {
      "best_epoch": 27,
      "best_val_loss": 0.020808357745409012,
      "best_val_rmse_4h_pu": 0.1442510187625885,
      "stopped_early": true,
      "total_epochs": 37,
      "train_samples": 1827,
      "val_samples": 1030
    },
    "1": {
      "best_epoch": 57,
      "best_val_loss": 0.02045951783657074,
      "best_val_rmse_4h_pu": 0.14303676784038544,
      "stopped_early": true,
      "total_epochs": 67,
      "train_samples": 3809,
      "val_samples": 741
    },
    "2": {
      "best_epoch": 38,
      "best_val_loss": 0.011233408004045486,
      "best_val_rmse_4h_pu": 0.10598777234554291,
      "stopped_early": true,
      "total_epochs": 48,
      "train_samples": 2927,
      "val_samples": 1024
    }
  },
  "test_metrics": {
    "overall": {
      "1h_nrmse": 0.11901166290044785,
      "2h_nrmse": 0.13224752247333527,
      "4h_nrmse": 0.14410804212093353
    },
    "by_cluster": {
      "0": {
        "n_samples": 244,
        "1h_nrmse": 0.16061678528785706,
        "2h_nrmse": 0.16932550072669983,
        "4h_nrmse": 0.16833455860614777
      },
      "1": {
        "n_samples": 350,
        "1h_nrmse": 0.1117950901389122,
        "2h_nrmse": 0.1355161815881729,
        "4h_nrmse": 0.1496865600347519
      },
      "2": {
        "n_samples": 523,
        "1h_nrmse": 0.09925086796283722,
        "2h_nrmse": 0.1081063449382782,
        "4h_nrmse": 0.12703901529312134
      }
    }
  }
}