{
  "cluster_info": {
    "cluster_to_weather": {
      "1": 0,
      "2": 1,
      "0": 2
    },
    "counts": {
      "sunny": 214,
      "cloudy": 23859,
      "overcast": 214
    },
    "silhouette": 0.897208562648325
  },
  "ci": {
    "low_boundary": {
      "value": 0.11726210002684177,
      "method": "gaussian",
      "band_p10": null,
      "band_p90": null
    },
    "high_boundary": {
      "value": 0.358177954842905,
      "method": "gaussian",
      "band_p10": null,
      "band_p90": null
    }
  },
  "wsi": {
    "low_boundary": {
      "value": 0.9800325556309122,
      "method": "gaussian",
      "band_p10": null,
      "band_p90": null
    },
    "high_boundary": {
      "value": 0.5281869612438463,
      "method": "gaussian",
      "band_p10": null,
      "band_p90": null
    }
  },
  "gmm": {
    "covariance_type": "full",
    "bic": {
      "full": 1208489.6661696595,
      "diag": 1859080.3182779318
    },
    "converged": true,
    "weights": [
      0.008811298225388068,
      0.9904063902499279,
      0.0007823115246839875
    ],
    "means_shape": [
      3,
      26
    ],
    "agreement_with_kmeans": 0.9919710132992959
  },
  "notes": "Use thresholds.ci.* and thresholds.wsi.* to populate feature_engineering in config.yaml."
}