{
  "model_name": "lstm_global",
  "experiment_name": "b1",
  "timestamp": "20251216_141213",
  "total_samples": 1117,
  "daylight_filter": {
    "enabled": true,
    "dni_col": "Total solar irradiance (W/m2)",
    "threshold": 5,
    "mode": "mask"
  },
  "horizons": {
    "1h": {
      "horizon_steps": 4,
      "mae": 4.2478522915262,
      "rmse": 6.711931437346142,
      "nrmse": 0.13423862874692286,
      "n_samples": 1117
    },
    "2h": {
      "horizon_steps": 8,
      "mae": 4.915212908925192,
      "rmse": 7.112113540552976,
      "nrmse": 0.1422422708110595,
      "n_samples": 1117
    },
    "4h": {
      "horizon_steps": 16,
      "mae": 7.170354936499952,
      "rmse": 8.658498252669864,
      "nrmse": 0.17316996505339727,
      "n_samples": 1117
    }
  },
  "overall": {
    "mae": 5.444473378983782,
    "rmse": 7.541038271238241,
    "nrmse": 0.15082076542476483,
    "n_samples": 3351
  }
}