{
  "timestamp": "20251216_193911",
  "config": {
    "temperature_T": 1.0,
    "alpha": 1.0,
    "n_clusters": 3,
    "n_test_samples": 1117
  },
  "cluster_semantic_map": {
    "2": "clear",
    "0": "cloudy",
    "1": "low_irradiance"
  },
  "overall": {
    "1h": {
      "hard": {
        "mae": 3.7762769945865418,
        "rmse": 5.942449960543483,
        "nrmse": 0.11884899921086965
      },
      "soft": {
        "mae": 3.567696085450865,
        "rmse": 5.719010445351469,
        "nrmse": 0.1143802089070294
      },
      "delta_nrmse": -0.004468790303840259
    },
    "2h": {
      "hard": {
        "mae": 4.39711841560556,
        "rmse": 6.678208845382993,
        "nrmse": 0.13356417690765984
      },
      "soft": {
        "mae": 4.143084704706788,
        "rmse": 6.408994272051267,
        "nrmse": 0.12817988544102532
      },
      "delta_nrmse": -0.005384291466634522
    },
    "4h": {
      "hard": {
        "mae": 4.981305760781126,
        "rmse": 7.065948959044713,
        "nrmse": 0.14131897918089426
      },
      "soft": {
        "mae": 4.768633689818643,
        "rmse": 6.7606754258208595,
        "nrmse": 0.1352135085164172
      },
      "delta_nrmse": -0.0061054706644770584
    }
  },
  "hard_by_cluster": {
    "0": {
      "n_samples": 244,
      "semantic": "cloudy",
      "avg_membership": 0.6666425121473926,
      "1h": {
        "mae": 6.1193905251903065,
        "rmse": 8.301151483934813,
        "nrmse": 0.16602302967869625
      },
      "2h": {
        "mae": 6.481495297278944,
        "rmse": 8.687467863599903,
        "nrmse": 0.17374935727199806
      },
      "4h": {
        "mae": 6.4534650252467145,
        "rmse": 8.57356364480017,
        "nrmse": 0.17147127289600342
      }
    },
    "1": {
      "n_samples": 350,
      "semantic": "low_irradiance",
      "avg_membership": 0.6968495535279386,
      "1h": {
        "mae": 3.7552752148404474,
        "rmse": 5.715071279435022,
        "nrmse": 0.11430142558870043
      },
      "2h": {
        "mae": 4.6533080282984,
        "rmse": 7.2197527884380985,
        "nrmse": 0.14439505576876197
      },
      "4h": {
        "mae": 5.349959167332954,
        "rmse": 7.864191656460959,
        "nrmse": 0.15728383312921917
      }
    },
    "2": {
      "n_samples": 523,
      "semantic": "clear",
      "avg_membership": 0.7910409917731435,
      "1h": {
        "mae": 2.6971774179972763,
        "rmse": 4.627369029723595,
        "nrmse": 0.0925473805944719
      },
      "2h": {
        "mae": 3.253228695584908,
        "rmse": 5.015770972989188,
        "nrmse": 0.10031541945978376
      },
      "4h": {
        "mae": 4.047776979093279,
        "rmse": 5.563431695404888,
        "nrmse": 0.11126863390809776
      }
    }
  },
  "soft_by_cluster": {
    "0": {
      "n_samples": 244,
      "semantic": "cloudy",
      "avg_membership": 0.6666425121473926,
      "1h": {
        "mae": 5.6199558953445905,
        "rmse": 7.737738493526265,
        "nrmse": 0.1547547698705253
      },
      "2h": {
        "mae": 6.010723947059203,
        "rmse": 8.186222321070002,
        "nrmse": 0.16372444642140002
      },
      "4h": {
        "mae": 6.1527100267776325,
        "rmse": 8.089112009726538,
        "nrmse": 0.16178224019453075
      }
    },
    "1": {
      "n_samples": 350,
      "semantic": "low_irradiance",
      "avg_membership": 0.6968495535279386,
      "1h": {
        "mae": 3.556029809133142,
        "rmse": 5.549744985025003,
        "nrmse": 0.11099489970050007
      },
      "2h": {
        "mae": 4.487739474293607,
        "rmse": 6.968158972554091,
        "nrmse": 0.13936317945108181
      },
      "4h": {
        "mae": 5.1684246570609655,
        "rmse": 7.553109977028511,
        "nrmse": 0.1510621995405702
      }
    },
    "2": {
      "n_samples": 523,
      "semantic": "clear",
      "avg_membership": 0.7910409917731435,
      "1h": {
        "mae": 2.618043701315367,
        "rmse": 4.6162508964603015,
        "nrmse": 0.09232501792920603
      },
      "2h": {
        "mae": 3.0411092850330297,
        "rmse": 4.895699813538574,
        "nrmse": 0.09791399627077148
      },
      "4h": {
        "mae": 3.8553612906736996,
        "rmse": 5.377041057736444,
        "nrmse": 0.10754082115472889
      }
    }
  },
  "delta_by_cluster": {
    "0": {
      "1h": -0.01126825980817095,
      "2h": -0.010024910850598034,
      "4h": -0.009689032701472672
    },
    "1": {
      "1h": -0.003306525888200365,
      "2h": -0.005031876317680151,
      "4h": -0.006221633588648967
    },
    "2": {
      "1h": -0.0002223626652658739,
      "2h": -0.002401423189012278,
      "4h": -0.0037278127533688643
    }
  }
}